<?xml version="1.0" encoding="UTF-8" ?>
<module>
    <name>opay</name>
    <displayName><![CDATA[O'Pay Integration Payment]]></displayName>
    <version><![CDATA[1.2.0202]]></version>
    <description><![CDATA[https://www.opay.tw/]]></description>
    <author><![CDATA[O'Pay]]></author>
    <tab><![CDATA[payments_gateways]]></tab>
    <confirmUninstall><![CDATA[Do you want to uninstall O'Pay payment module?]]></confirmUninstall>
    <is_configurable>1</is_configurable>
    <need_instance>1</need_instance>
    <limited_countries></limited_countries>
</module>